<?xml version="1.0" encoding="UTF-8" standalone="yes"?>
<addon id="plugin.video.ais" name="AIS" version="1.0.1" provider-name="Unknown">
  <requires>
    <import addon="xbmc.python" version="2.1.0"/>
    <import addon="script.module.requests" />
	<import addon="script.module.addon.common" />
  </requires>
  <extension point="xbmc.python.pluginsource" library="default.py">
		<provides>video</provides>
  </extension>
  <extension point="xbmc.addon.metadata">
	<summary lang="en">Blank</summary>
	<description lang="en">A plugin for Allinstreams iptv</description>
	<disclaimer lang="en">The original author neither hosts or stores any content , the original author has no affiliation with content hosts, it is the sole responsibility and risk of the user to ensure they have permission to view the content they link to the addon</disclaimer>
	<platform>all</platform>
  </extension>
</addon>
